{"cameraMode":{"drawMode":2,"name":"Shaded Wireframe","section":"Shading Mode"},"sceneLighting":false,"audioPlay":false,"sceneViewState":{"showFog":true,"showMaterialUpdate":false,"showSkybox":false,"showFlares":true,"showImageEffects":true,"showParticleSystems":true},"in2DMode":false,"pivot":{"x":0.7639472484588623,"y":0.05259847640991211,"z":0.15208065509796143},"rotation":{"x":0.000541393761523068,"y":-0.999220073223114,"z":-0.014680434949696064,"w":-0.03688047453761101},"size":2.8578836917877199,"orthographic":false}