{"cameraMode":{"drawMode":2,"name":"Shaded Wireframe","section":"Shading Mode"},"sceneLighting":false,"audioPlay":false,"sceneViewState":{"showFog":true,"showMaterialUpdate":false,"showSkybox":false,"showFlares":true,"showImageEffects":true,"showParticleSystems":true},"in2DMode":false,"pivot":{"x":0.7639472484588623,"y":0.05259847640991211,"z":0.15208065509796143},"rotation":{"x":0.18511061370372773,"y":-0.6753705143928528,"z":0.18104644119739533,"w":0.6905458569526672},"size":4.957884311676025,"orthographic":false}