{"cameraMode":{"drawMode":2,"name":"Shaded Wireframe","section":"Shading Mode"},"sceneLighting":false,"audioPlay":false,"sceneViewState":{"showFog":true,"showMaterialUpdate":false,"showSkybox":false,"showFlares":true,"showImageEffects":true,"showParticleSystems":true},"in2DMode":false,"pivot":{"x":357.6696472167969,"y":338.046630859375,"z":12.080451965332032},"rotation":{"x":-0.033838193863630298,"y":-0.05604594945907593,"z":0.0019004128407686949,"w":-0.9978534579277039},"size":426.18780517578127,"orthographic":false}