{"cameraMode":{"drawMode":2,"name":"Shaded Wireframe","section":"Shading Mode"},"sceneLighting":true,"audioPlay":false,"sceneViewState":{"showFog":true,"showMaterialUpdate":false,"showSkybox":true,"showFlares":true,"showImageEffects":true,"showParticleSystems":true},"in2DMode":false,"pivot":{"x":0.1738504320383072,"y":0.7802655696868897,"z":-2.8179702758789064},"rotation":{"x":-0.02185407280921936,"y":-0.062053121626377109,"z":0.0013583535328507424,"w":-0.9978359341621399},"size":17.417016983032228,"orthographic":false}